{"clothes": {"clothes": 0.9999998807907104, "tech": 0.25100481510162354, "misc": 0.27849316596984863}, "tech": {"tech": 1.0000001192092896, "clothes": 0.25100481510162354, "misc": 0.3441082537174225}, "misc": {"misc": 0.9999999403953552, "clothes": 0.27849316596984863, "tech": 0.3441082537174225}}